<?xml version="1.0" encoding="UTF-8" standalone="yes"?>
<addon id="repository.dirtyburger" name="DiRTYBURGER" version="1.0.1" provider-name="Crazycook">
    <requires>
        <import addon="xbmc.addon" version="12.0.0"/>
    </requires>
    <extension point="xbmc.addon.repository" name="DiRTYBURGER">
        <info compressed="false">https://raw.githubusercontent.com/Crazycook/DiRTYBURGER/master/__zips/addons.xml</info>
        <checksum>https://raw.githubusercontent.com/Crazycook/DiRTYBURGER/master/__zips/addons.xml.md5</checksum>
        <datadir zip="true">https://raw.githubusercontent.com/Crazycook/DiRTYBURGER/master/__zips/</datadir>
        <hashes>false</hashes>
        <dir>
            <info compressed="false">https://raw.githubusercontent.com/jenaddon/repository.jenrepo/master/zips/addons.xml</info>
            <checksum>https://raw.githubusercontent.com/jenaddon/repository.jenrepo/master/zips/addons.xml.md5</checksum>
            <datadir zip="true">https://raw.githubusercontent.com/jenaddon/repository.jenrepo/master/zips/</datadir>
            <hashes>false</hashes>
        </dir>
    </extension>
    <extension point="xbmc.addon.metadata">
        <summary>Official Name of Repository</summary>
        <description>repo for CrEwSaDe Addon</description>
        <platform>all</platform>
        <genre>movies,usa</genre>
    </extension>
</addon>